Display Size,Refresh Rate,Resolution,Type,Price
55,120,4096,LED,500
26,60,720,LCD,501.41
55,60,4096,NanoCell,505.84
43,60,4096,LED,508
50,120,4096,LED,509
50,60,4096,LED,519
43,60,4096,QLED,527.95
55,60,4096,LED,527.99
55,60,4096,LED,529.99
50,60,4096,ULED,529.99
50,60,4096,LED,529.99
32,60,4096,LCD,530
58,60,4096,LED,537.65
15.6,60,1080,LED,539
50,60,4096,LED,539.94
50,60,4096,NanoCell,546.99
32,60,1080,QLED,547.99
43,60,4096,QLED,547.99
65,60,4096,ULED,548
75,60,4096,LED,548
55,60,4096,LED,549
65,60,4096,QLED,549.99
55,60,4096,LED,549.99
65,60,4096,LED,550
55,60,4096,LED,558
65,60,4096,LED,560.98
55,120,4096,LED,565
55,60,4096,LED,568.39
50,60,4096,LED,569
55,120,4096,LED,575
58,60,4096,LED,578.33
65,60,4096,LED,579.99
32,60,720,LED,587.13
70,60,4096,LED,589.99
50,120,4096,LED,596.99
50,120,4096,QNED,596.99
32,60,1080,QLED,597.99
43,120,4096,LCD,598
55,60,4096,LCD,598
43,120,4096,LED,598
50,60,4096,LED,598
60,60,4096,LED,599
55,60,4096,LCD,599.99
49,60,1080,LED,599.99
55,60,4096,NanoCell,599.99
50,60,4096,NanoCell,599.99
22,50,1080,LED,605
55,60,4096,LED,612.52
40,60,1080,LED,615.59
42,60,720,LED,626.34
50,120,4096,QLED,629.99
55,60,4096,LED,637.26
58,120,4096,LED,639
55,120,4096,QLED,644.13
55,60,4096,LCD,647.99
65,60,4096,LED,647.99
50,60,4096,QLED,647.99
55,120,4096,QLED,649.99
55,60,4096,LED,649.99
65,60,4096,LED,650.23
65,60,4096,QLED,668.88
65,60,4096,LCD,669.99
65,60,4096,NanoCell,676.99
40,60,1080,LED,679
24,60,720,LED,679.79
65,60,4096,LED,679.99
65,60,4096,LED,694.33
70,60,4096,LED,696.99
70,60,4096,LCD,697.95
55,120,4096,ULED,697.99
55,60,4096,LED,698
75,60,4096,ULED,698
27,60,1080,LED,699
55,120,4096,ULED,699
65,60,4096,LED,699.64
50,60,4096,LED,699.99
55,120,4096,QLED,699.99
75,60,4096,LED,709.99
65,60,4096,LED,715
65,120,4096,LED,717
65,120,4096,LED,721.99
21.5,60,1080,LED,729
65,60,4096,LCD,747.99
65,60,4096,LED,749
65,60,4096,LED,749.99
65,120,4096,LED,760.56
39,60,720,LED,769.89
42,60,720,LED,773.28
60,60,4096,QLED,777.99
75,60,4096,LED,784.54
70,60,4096,LED,791.5
75,60,4096,ULED,795.99
55,120,4096,QNED,796.99
50,60,4096,QLED,797.99
55,60,4096,QLED,797.99
75,60,4096,ULED,798
55,120,4096,QLED,799.99
65,60,4096,LCD,799.99
65,60,4096,LED,799.99
65,60,4096,QLED,799.99
70,60,4096,LED,799.99
55,120,4096,ULED,799.99
75,60,4096,LCD,799.99
70,60,4096,LED,807.99
32,60,1080,LED,811.72
43,60,1080,LED,819.99
50,60,4096,QLED,829.99
75,60,4096,LED,846.99
50,120,4096,LED,848
65,60,4096,LED,848
32,60,1080,LED,849
50,120,4096,LCD,849.99
65,60,4096,QLED,877.95
65,60,1080,LED,879
65,120,4096,QLED,879.99
65,120,4096,ULED,879.99
55,120,4096,LCD,889
55,60,4096,OLED,896.99
65,120,4096,QNED,896.99
75,60,4096,LED,896.99
75,60,4096,NanoCell,896.99
60,60,4096,QLED,897.99
55,120,4096,LED,898
75,60,4096,LED,898.99
55,120,4096,OLED,899
75,60,4096,QLED,899.99
55,120,4096,QLED,928.94
70,60,4096,LED,939
75,60,4096,LED,947.99
55,120,4096,QLED,947.99
70,60,4096,LED,949
75,60,4096,LED,949
32,60,720,LED,969.98
55,120,4096,QLED,979.99
48,120,4096,OLED,996.59
55,120,4096,OLED,996.99
75,60,4096,NanoCell,996.99
42,120,4096,LED,996.99
70,60,4096,QLED,997.99
65,120,4096,QLED,997.99
65,60,4096,QLED,997.99
43,120,4096,QLED,997.99
75,60,4096,LED,997.99
75,60,4096,LED,998
65,120,4096,LED,998
65,120,4096,ULED,998
43,60,4096,LED,999
65,60,4096,LED,999.99
55,120,4096,LCD,999.99
65,120,4096,QLED,999.99
